,precision,recall,f1-score,support
0,0.9992972593113141,0.9985955056179775,0.9989462592202318,2848.0
1,0.9641255605381166,0.9772727272727273,0.9706546275395034,220.0
2,0.9989488437281009,0.998598949211909,0.9987738658258889,2855.0
accuracy,0.997805166300861,0.997805166300861,0.997805166300861,0.997805166300861
macro avg,0.9874572211925106,0.9914890607008712,0.9894582508618747,5923.0
weighted avg,0.9978229219450846,0.997805166300861,0.9978123166049002,5923.0
