GMM_Cluster,Age,Income Level,Coverage Amount,Premium Amount,Purchase Year,Purchase Month,Purchase Day,Recency Days,Policy Age,Premium_to_Income,Coverage_to_Income,Premium_to_Coverage,Digital_Channel_Flag,Cluster_Name
0,43.9598258182329,82322.15023177413,510002.2215198764,3004.186051411715,2022.008568619188,6.44339092569181,14.705225453013064,544.3923303834808,1.490464970249092,0.04692518281403286,7.957109170312752,0.008302582701644913,0.31556398370557665,Recent high-income customers
1,43.72801450589302,87222.04895738894,91499.9873073436,3894.4859474161376,2020.5566636446056,6.451495920217589,14.353581142339076,1074.7561196736174,2.9425218882234563,0.05784724362787365,1.35289282479723,0.04411978056655251,0.2955575702629193,Affordability-sensitive customers
2,44.11888748773995,82838.50105086171,507465.1148942133,2991.7104525711084,2019.0006305170239,6.558848255569567,14.507986548970155,1639.6804679837467,4.489200459914433,0.046376560910795235,7.921871804526022,0.008320242581361032,0.3123160992013451,Older or inactive policy holders
