Model,K,Covariance_Type,Silhouette,Davies_Bouldin,Calinski_Harabasz,BIC,AIC
GMM,3,tied,0.16005680185314075,1.843621545228717,4123.007561843903,131345.44510671508,130250.36831924522
