Mean_Max_Probability,Median_Max_Probability,Min_Max_Probability,Customers_Below_80pct,Percent_Below_80pct
0.9378326028050888,0.9905020612184454,0.44829065583499056,2229,7.526591254431876
