Feature,Mean_Abs_SHAP
Premium_to_Coverage,0.10868604571089022
Policy Age,0.1039531702808085
Recency Days,0.09710693202561894
Purchase Year,0.08858625689229582
Coverage Amount,0.08074738608422792
Coverage_to_Income,0.028227879707259592
Premium Amount,0.00834342915864427
Premium_to_Income,0.006623967928912538
Income Level,0.002613073829174628
Purchase Month,0.0006625544767295075
Age,0.0006562312900700322
Purchase Day,0.0006302344315626987
Digital_Channel_Flag,0.00016550488122086732
