Feature,Importance
Premium_to_Coverage,0.2688541511445473
Coverage Amount,0.19331358237363913
Policy Age,0.15580208904495568
Recency Days,0.1394348686595834
Purchase Year,0.1269857922225272
Coverage_to_Income,0.08093746546856298
Premium Amount,0.01705927321366632
Premium_to_Income,0.011688784368426915
Income Level,0.003641180055351373
Age,0.00086209084897928
Purchase Day,0.0008054196743181254
Purchase Month,0.0004843268338310695
Digital_Channel_Flag,0.00013097609161135488
