Metric,Value
Accuracy,0.997805166300861
Macro F1-score,0.9894582508618747
